# T0.100000, T1.100000, T2.100000, 
0.005816, -0.061528, 0.056176, -0.322321, 0.048140, 0.117040, 
-0.045952, -0.065120, -0.002208, 0.113200, 0.039540, -0.025600, 
-0.110524, 0.014812, 0.008640, -0.130400, 0.212079, 0.034380, 
0.093536, 0.026360, 0.035248, -0.162740, 0.057480, -0.108220, 
-0.062868, -0.063656, -0.057308, -0.567999, -0.011540, 0.005460, 
0.010196, -0.055792, -0.076616, -0.263681, 0.157480, 0.081460, 
-0.062136, 0.138556, 0.066944, -0.079760, 0.150460, 0.146900, 
-0.118356, 0.095492, -0.050504, 0.168920, 0.097040, 0.154340, 
0.056124, -0.010068, 0.008884, 0.560139, 0.236460, 0.097620, 
0.126072, -0.119636, -0.012624, -0.661259, 0.045340, -0.152660, 
-0.164352, -0.017464, -0.040228, 0.193339, 0.278660, -0.096320, 
-0.020868, 0.053396, 0.126868, -0.331719, 0.214120, 0.006940, 
0.090560, -0.068856, -0.047816, 0.349241, -0.109460, 0.025100, 
0.116812, -0.115216, -0.114680, 0.544460, -0.343280, -0.009860, 
-0.072468, 0.074792, -0.019596, -0.095520, 0.076060, 0.142780, 
0.070080, -0.086900, 0.010972, -0.483520, 0.137100, 0.015980, 
-0.050580, 0.009092, -0.000996, -0.058560, 0.089820, 0.026620, 
0.069364, -0.045196, -0.011468, 0.052480, 0.252980, 0.012560, 
0.055732, -0.167824, 0.042812, 0.565459, -0.130900, 0.125980, 
-0.171372, 0.083308, -0.028348, 0.071860, 0.157220, -0.160900, 
-0.098856, 0.128952, -0.038844, -0.332040, 0.188160, 0.047960, 
-0.025856, -0.014332, 0.016376, 0.107560, -0.517160, 0.052780, 
0.088548, 0.051276, 0.009568, 0.164280, -0.046580, -0.040320, 
0.061232, -0.023048, 0.029432, -0.435321, -0.340820, 0.044560, 
0.001344, 0.079828, 0.001624, 0.304000, 0.126560, -0.093100, 
-0.074136, 0.101972, -0.025992, -0.075900, 0.164540, -0.015180, 
0.019056, 0.079368, 0.088980, 0.012140, 0.336919, 0.082760, 
0.094648, 0.122932, -0.030236, -0.121000, 0.041500, -0.032300, 
-0.075500, 0.161324, -0.100752, -0.009800, -0.108720, 0.005600, 
-0.066136, 0.124592, -0.011892, -0.032140, 0.185540, -0.118880, 
-0.035692, 0.022536, 0.093684, 0.008960, 0.375839, -0.010840, 
0.103528, -0.020432, 0.129116, 0.099320, 0.461861, -0.136520, 
-0.084448, -0.005820, -0.051356, 0.039040, 0.043600, 0.021740, 
-0.056724, -0.046236, -0.080024, 0.038160, 0.074820, -0.042100, 
0.140616, 0.034056, 0.040488, -0.189440, 0.095380, 0.058840, 
0.042684, 0.030376, 0.098168, 0.741800, -0.165700, -0.020320, 
0.034616, 0.009332, -0.035436, 0.254621, 0.041740, 0.134840, 
-0.042232, 0.088432, 0.124712, -0.319680, 0.020920, 0.158880, 
0.007364, 0.137324, 0.007168, -0.082061, -0.062380, -0.067620, 
0.028044, 0.115232, 0.037824, 0.264440, -0.031480, 0.108560, 
-0.009708, 0.083792, 0.114224, 0.225100, 0.024460, 0.071160, 
0.090808, 0.092492, -0.017356, 0.176300, -0.150720, -0.011380, 
-0.126660, 0.045856, 0.018512, 0.268800, -0.123680, -0.037500, 
-0.014848, -0.008312, -0.104440, 0.080960, 0.089580, -0.058140, 
0.105828, 0.049408, -0.046784, 0.288360, 0.128780, 0.156540, 
0.045360, 0.046216, -0.035612, -0.299180, -0.053780, 0.094200, 
0.212247, -0.146784, 0.030212, 0.629001, 0.086480, 0.149200, 
-0.062944, 0.105208, 0.029568, -0.154800, 0.160060, -0.090160, 
0.066344, -0.004860, -0.118960, -0.506299, -0.326560, -0.044140, 
0.068720, -0.027668, -0.036276, -0.028360, -0.143760, -0.147760, 
0.239299, -0.034000, -0.143852, -0.337379, 0.296420, -0.012260, 
-0.055076, 0.011208, -0.090380, 0.302479, 0.007540, -0.021060, 
0.095264, -0.044168, 0.013664, 0.309100, -0.434199, 0.021020, 
0.088876, 0.102104, 0.040976, -0.689026, -0.387821, -0.032060, 
-0.166144, -0.064536, 0.002888, -0.398419, 0.040100, 0.008660, 
0.003396, -0.089648, 0.037636, 0.291560, -0.123300, -0.044680, 
-0.034568, -0.039764, 0.158696, -0.151380, 0.132900, -0.071480, 
-0.018688, -0.034144, 0.088684, 0.019660, -0.283060, 0.035000, 
-0.033524, 0.035056, -0.019620, -0.519720, 0.116120, 0.051120, 
-0.048204, -0.088372, -0.111580, -0.010400, -0.132160, 0.064840, 
-0.014092, 0.097508, 0.114592, 0.575201, 0.299541, -0.002340, 
-0.032384, -0.002840, -0.056048, -0.102720, -0.137700, -0.024460, 
0.092560, 0.017128, 0.083952, -0.103300, 0.256560, 0.015360, 
0.046776, 0.080292, -0.008964, 0.654922, 0.095220, 0.066420, 
0.118904, 0.026212, 0.035736, -0.028840, 0.420860, 0.092360, 
-0.032076, 0.021416, 0.023960, -0.258121, -0.171380, -0.209340, 
-0.022432, 0.014552, 0.012568, 0.184920, 0.034720, -0.048360, 
-0.038032, -0.062292, -0.013448, -0.448080, -0.292560, -0.062660, 
0.007836, -0.072640, -0.012560, -0.554138, 0.348460, -0.167560, 
0.027184, 0.128812, 0.117896, 0.056060, 0.016720, -0.057480, 
0.101924, -0.066516, 0.029580, -0.248080, -0.042000, 0.028040, 
-0.061196, 0.055880, -0.056188, 0.021040, 0.484859, 0.016460, 
0.051896, 0.014836, -0.023904, -0.341481, 0.008940, 0.126800, 
-0.030704, -0.096580, -0.086744, 0.455980, -0.259020, -0.099440, 
-0.039084, 0.090884, -0.022976, -0.473201, -0.164440, -0.094580, 
0.075624, 0.056012, -0.009364, -0.137820, -0.015020, -0.012680, 
-0.067984, -0.053044, 0.042684, -0.064160, -0.033800, -0.077360, 
0.188676, 0.002024, -0.008172, -0.026460, -0.121920, -0.099640, 
0.090836, 0.130192, 0.020080, -0.479600, -0.091500, -0.047740, 
-0.144240, 0.068360, -0.042860, -0.117260, -0.056540, -0.160020, 
0.032908, -0.029752, 0.036992, 0.220320, -0.100080, 0.025720, 
0.064792, 0.078508, -0.005680, 0.541040, 0.195000, 0.012860, 
0.043324, 0.175588, 0.033144, 0.078880, -0.273800, 0.064780, 
0.137524, 0.037692, -0.015360, 0.120580, -0.077720, -0.061520, 
0.029272, -0.027144, -0.042892, 0.183359, -0.045460, 0.058060, 
-0.187552, 0.033428, 0.034460, 0.038620, 0.195079, 0.056720, 
0.070924, -0.053136, 0.046648, -0.375960, -0.112640, 0.021020, 
0.075436, -0.079392, 0.042756, -0.155100, 0.260740, -0.129840, 
0.054844, -0.075048, 0.040356, -0.135060, -0.139080, 0.175520, 
-0.068864, 0.010928, 0.160792, -0.373440, 0.011300, -0.046600, 
0.075556, 0.033124, -0.039008, 0.493840, -0.259300, -0.140020, 
-0.040952, 0.002864, 0.091504, 0.323280, -0.020680, -0.112080, 
0.075200, -0.096584, -0.101928, -0.160200, 0.053760, 0.116080, 
0.051968, 0.112244, -0.007660, -0.508841, -0.061920, -0.140260, 
0.083368, 0.012384, 0.017932, 0.122200, 0.268200, -0.070220, 
-0.052592, 0.044324, 0.090192, -0.325000, 0.175280, 0.073560, 
-0.054712, -0.047752, -0.009816, -0.430919, -0.141260, 0.164060, 
-0.080328, -0.088720, -0.034148, 0.100500, 0.015740, -0.148900, 
0.032132, -0.016716, -0.070520, 0.627882, -0.282320, 0.040000, 
0.010728, -0.065880, -0.078088, -0.768978, -0.267439, -0.075740, 
0.187435, 0.027444, -0.000276, -0.262380, 0.047780, 0.188240, 
0.067560, 0.050924, -0.063528, 0.370240, -0.161040, -0.054900, 
-0.018020, 0.153108, -0.049136, -0.286560, -0.290300, -0.050420, 
0.111320, -0.093492, 0.034648, -0.217440, -0.125420, 0.052300, 
-0.098028, -0.082960, 0.051092, -0.316199, -0.382401, -0.025020, 
-0.017592, 0.074804, 0.059316, 0.225940, 0.078020, 0.099600, 
0.029844, 0.187300, -0.036128, 0.061420, 0.146420, -0.031900, 
-0.192480, -0.000104, -0.103268, -0.240620, 0.171900, -0.043280, 
-0.154984, -0.057644, 0.022692, 0.152961, -0.073320, -0.084320, 
0.141896, 0.086980, -0.033728, 0.252340, 0.161960, 0.097000, 
-0.083840, 0.024908, -0.031380, -0.140880, 0.249940, 0.027120, 
0.099460, 0.062732, 0.036444, -0.411640, 0.148800, -0.105220, 
0.147788, -0.083516, -0.053380, 0.005440, -0.319900, -0.007540, 
0.062964, 0.048156, -0.004328, 0.212360, -0.187720, -0.018320, 
-0.158032, -0.024400, -0.080712, -0.511380, 0.011880, 0.073660, 
-0.073412, 0.191012, 0.034576, -0.577561, 0.085320, 0.074400, 
0.056632, 0.166496, 0.030636, 0.088481, -0.292861, -0.006340, 
0.088652, -0.120680, 0.038440, -0.360239, 0.123340, -0.030220, 
0.167056, -0.103612, -0.077436, -0.300440, 0.033080, -0.138020, 
0.121904, -0.053272, -0.146672, 0.056780, -0.022120, 0.001480, 
0.078056, -0.050092, 0.008836, -0.204640, 0.227100, -0.028700, 
-0.026860, 0.132820, 0.038892, 0.346201, 0.294120, -0.220080, 
0.032876, -0.000972, 0.003884, -0.078960, 0.033520, 0.071920, 
0.066384, 0.104760, -0.045604, -0.325780, -0.133400, -0.026200, 
0.071828, -0.067520, -0.031556, 0.070160, 0.173060, 0.061920, 
-0.038876, -0.019664, 0.003100, 0.434142, 0.215880, 0.103640, 
0.039648, 0.115960, -0.004024, -0.487761, -0.197900, -0.110000, 
0.059704, 0.184804, 0.052536, -0.310739, -0.438660, -0.064100, 
-0.119360, 0.009580, -0.089544, -0.345741, 0.040740, -0.048460, 
-0.016304, -0.013840, -0.187188, -0.637740, -0.197740, -0.036860, 
-0.159891, -0.077796, -0.010908, -0.664621, 0.207060, -0.045880, 
0.088788, 0.026344, 0.021084, -0.040760, 0.120440, -0.085660, 
0.043204, 0.028160, 0.083736, 0.332380, 0.098200, -0.133260, 
-0.053200, 0.075312, -0.019504, 0.137160, -0.172880, 0.084740, 
0.025732, 0.103580, 0.125252, -0.520658, 0.020960, -0.072380, 
-0.069684, -0.058268, -0.010236, -0.472979, -0.159580, 0.101980, 
-0.095308, 0.084224, -0.004636, 0.067300, -0.079600, 0.152640, 
-0.042332, -0.032820, 0.039964, -0.533861, 0.015120, -0.116880, 
0.058080, -0.064172, -0.100352, -0.139820, -0.169420, -0.006080, 
-0.013172, -0.020144, -0.047164, -0.387140, 0.133660, -0.048840, 
0.095636, -0.045084, -0.081092, -0.157921, 0.085980, 0.227360, 
-0.012364, 0.114032, 0.005304, -0.289680, 0.003580, 0.010620, 
0.045308, 0.028276, 0.128872, -0.689980, -0.407500, 0.138260, 
0.103820, -0.074968, 0.041504, 0.390920, 0.611841, 0.085740, 
0.175980, 0.021860, 0.058056, 0.183299, -0.385219, -0.133440, 
0.047932, 0.022088, 0.027700, -0.047080, 0.186480, 0.016000, 
0.027020, 0.054068, -0.015948, -0.178620, 0.326859, 0.042580, 
0.069992, -0.107352, 0.019296, 0.373820, 0.231380, 0.032180, 
0.076116, 0.055040, 0.011348, 0.006880, 0.043260, 0.123360, 
-0.030356, -0.051920, -0.012600, 0.035060, -0.111360, -0.028640, 
-0.012604, -0.079584, -0.011116, 0.087220, -0.332400, -0.052360, 
-0.129168, 0.009956, -0.012028, -0.298480, -0.139060, -0.031040, 
-0.022972, -0.109168, -0.053284, -0.459519, 0.219700, -0.183120, 
-0.127064, 0.086244, -0.042928, -0.076060, -0.178520, -0.047240, 
0.011636, -0.022484, -0.049324, -0.663539, -0.099320, 0.083240, 
0.006552, -0.011492, 0.045176, 0.324920, -0.101020, 0.019660, 
-0.078648, -0.003580, 0.018676, -0.220040, -0.275920, 0.007760, 
0.007144, 0.045384, 0.095924, -0.389240, 0.077820, -0.153840, 
0.033252, -0.016148, -0.035016, -0.085160, -0.007640, 0.046900, 
0.020700, 0.053320, -0.044560, -0.332579, -0.118880, 0.018560, 
-0.166064, -0.000360, 0.028460, -0.023680, 0.140480, -0.022100, 
-0.123336, 0.022812, 0.017828, 0.058600, -0.130180, -0.115520, 
0.047396, 0.137936, 0.019152, 0.241880, 0.065040, -0.029300, 
-0.134956, 0.121904, -0.029992, 0.024200, -0.038860, 0.129560, 
-0.150364, 0.003824, -0.011444, 0.508460, 0.174220, -0.079280, 
0.009764, 0.058960, 0.015384, -0.741321, -0.117920, 0.023800, 
-0.182828, -0.072568, -0.046144, 0.219220, 0.215980, -0.010600, 
0.077828, 0.064072, -0.036172, -0.913340, 0.005960, -0.070340, 
-0.094016, -0.107572, -0.120696, 0.541878, 0.054560, -0.214460, 
0.106564, -0.020472, -0.039432, 0.196040, 0.570599, 0.062340, 
0.159084, -0.056736, 0.040084, 0.251760, 0.108580, -0.114840, 
-0.205984, 0.111552, 0.032348, 0.141280, 0.137220, 0.038260, 
-0.115648, -0.036344, 0.242512, 0.036840, 0.119100, 0.017900, 
0.040820, -0.002988, -0.098628, -0.509080, -0.226879, -0.096300, 
-0.028344, 0.028572, -0.073120, 0.091740, -0.032960, 0.054900, 
-0.174852, 0.015772, -0.080316, 0.000840, -0.073440, 0.106860, 
-0.121392, -0.095076, 0.011520, -0.088200, 0.087880, 0.016100, 
-0.019608, 0.070452, 0.008336, 0.135420, 0.076820, -0.134460, 
0.086720, -0.014092, 0.036908, 0.147200, -0.131500, 0.109460, 
-0.128756, -0.008512, -0.021148, -0.312300, 0.268839, 0.009320, 
0.148516, 0.015268, 0.124532, -0.240659, -0.292080, -0.066260, 
-0.130640, 0.140004, 0.073332, -0.408700, -0.124720, 0.034420, 
0.017532, -0.087588, 0.151800, -0.318181, 0.192721, -0.052540, 
0.020776, -0.003048, -0.069568, -0.072300, 0.024440, 0.185760, 
-0.026112, 0.117132, 0.016316, -0.140200, -0.076940, -0.115560, 
0.032620, -0.077764, 0.005344, -0.480940, 0.215020, -0.125820, 
-0.007628, -0.023808, 0.048072, 0.276000, 0.159900, 0.025280, 
0.126712, -0.032040, 0.037676, 0.401579, 0.007980, 0.131000, 
-0.004128, 0.052296, 0.012212, 0.404400, 0.213960, -0.027800, 
-0.031688, 0.076456, -0.045736, -0.428660, 0.305201, 0.122040, 
-0.115560, 0.065240, 0.060340, -0.059360, -0.233800, -0.058320, 
-0.104844, 0.064468, -0.049464, 0.231299, -0.111640, 0.036940, 
-0.067004, -0.001180, 0.073320, 0.637121, -0.062960, -0.010220, 
-0.093772, -0.007536, 0.089308, -0.583840, 0.199260, 0.054720, 
0.104056, 0.108132, -0.046096, -0.712397, 0.276080, -0.151940, 
-0.192824, -0.049284, 0.043340, 0.039480, 0.184480, 0.064840, 
0.133560, -0.070588, -0.000800, 0.179580, 0.179880, 0.153900, 
-0.004836, 0.072780, -0.062892, 0.014760, 0.443959, 0.014600, 
-0.112984, -0.014604, -0.059208, 0.016160, -0.148140, 0.055160, 
-0.132904, -0.021340, 0.056844, 0.179660, 0.058800, -0.146520, 
-0.074540, -0.006112, 0.028904, -0.047380, 0.130060, -0.073360, 
0.116040, -0.083764, -0.068996, -0.186320, 0.007160, 0.044000, 
-0.002904, -0.012384, 0.111328, 0.521538, -0.009980, -0.006640, 
-0.118468, -0.045300, 0.050684, -0.211920, -0.072300, 0.151360, 
0.050712, 0.152584, 0.083000, 0.262280, 0.233580, 0.057800, 
0.007860, -0.071436, -0.153132, -0.123740, -0.384860, -0.125960, 
0.138216, -0.136016, 0.049160, 0.357100, 0.030240, 0.114360, 
0.103032, -0.162964, 0.132368, -0.218400, 0.227740, -0.063400, 
-0.000792, 0.090768, -0.017320, -0.473280, -0.322280, 0.039460, 
-0.095952, 0.007364, -0.107928, 0.315480, 0.150540, 0.089320, 
-0.026528, -0.080416, -0.028444, 0.125220, -0.135840, 0.109360, 
-0.038424, -0.050996, -0.066632, -0.291620, -0.041740, -0.054340, 
-0.109484, -0.021576, 0.108064, 0.244740, -0.071240, -0.049440, 
-0.114824, 0.057212, -0.065460, -0.507959, 0.151240, 0.106940, 
0.021020, -0.025688, -0.089132, -0.473781, -0.222460, -0.024400, 
-0.023880, -0.149644, -0.071608, 0.400080, 0.166880, 0.000460, 
-0.138084, -0.082368, -0.004168, -0.605959, -0.318321, 0.036800, 
-0.034572, -0.069488, 0.030644, -0.081760, -0.261620, 0.145480, 
0.164764, -0.032232, 0.007296, -0.341580, 0.304979, -0.074080, 
-0.018324, -0.065988, 0.037156, 0.287621, -0.203680, 0.100480, 
0.156568, 0.044924, -0.033268, 0.092160, -0.003720, 0.150100, 
0.007012, -0.131348, 0.001460, 0.535398, 0.240580, -0.017020, 
-0.095180, -0.046692, 0.013688, 0.261180, -0.091820, -0.124000, 
0.000972, 0.072028, 0.115488, -0.055420, 0.011260, 0.004300, 
0.056776, 0.020060, 0.064300, 0.598981, -0.087700, -0.095300, 
-0.077100, 0.068828, 0.064212, 0.025920, 0.032660, -0.040100, 
-0.024004, 0.025132, -0.171872, -0.310640, -0.152360, 0.062300, 
-0.042848, -0.003832, -0.048576, -0.598201, 0.431341, -0.092980, 
0.041228, 0.023176, -0.040048, 0.079160, 0.028680, 0.067720, 
-0.045620, 0.051304, -0.003668, -0.063120, -0.034000, 0.179140, 
0.073248, -0.027892, -0.035496, -0.199919, -0.206200, -0.192820, 
0.048236, 0.012084, -0.011788, -0.006200, -0.438060, 0.023680, 
0.173244, 0.043012, 0.021648, 0.292020, 0.003880, -0.140240, 
0.033644, -0.085984, 0.115044, 0.500060, 0.079600, 0.017300, 
0.117560, -0.030204, -0.061652, 0.211000, 0.063840, 0.231920, 
-0.012220, 0.064724, 0.047160, -0.156599, 0.006420, -0.128720, 
-0.142024, -0.007924, 0.072984, -0.590339, 0.100720, -0.040000, 
-0.130420, -0.140140, -0.037516, -0.100680, 0.293640, -0.127260, 
0.127168, -0.085708, -0.046076, 0.580057, 0.353280, 0.109380, 
-0.075900, -0.045152, -0.004632, -0.063840, 0.076860, -0.154000, 
0.032012, -0.050788, -0.081328, -0.564139, 0.114880, 0.112140, 
-0.030936, -0.054368, 0.025192, -0.092980, 0.243601, -0.083780, 
0.081328, 0.091020, -0.072440, -0.208980, 0.090560, 0.000660, 
0.050444, -0.026616, -0.090892, -0.167400, -0.300400, -0.105000, 
0.020876, 0.062796, 0.075448, -0.090760, -0.288340, 0.048260, 
0.071472, -0.037656, 0.075368, -0.091640, 0.026920, -0.062740, 
-0.114372, 0.035192, -0.004576, 0.161120, -0.106160, 0.052680, 
-0.079628, 0.012900, -0.085180, 0.274241, -0.056780, 0.006680, 
0.004332, -0.007920, -0.009464, -0.246460, -0.344380, 0.134540, 
0.016376, -0.007484, 0.175312, -0.084780, -0.200900, 0.087780, 
-0.104052, 0.112976, 0.077124, 0.016740, -0.093820, -0.016120, 
-0.035516, -0.027824, 0.016912, -0.455302, 0.219740, 0.041580, 
0.086956, -0.032524, -0.059300, 0.339299, 0.061560, -0.100380, 
0.013920, 0.084484, 0.072296, -0.550478, 0.155580, 0.018480, 
-0.094944, 0.014880, -0.043228, 0.431060, -0.151240, -0.036560, 
-0.083636, -0.164516, -0.064784, -0.081480, -0.301720, 0.115840, 
0.032672, 0.066944, 0.035048, -0.630279, 0.076240, -0.043560, 
0.102132, -0.046900, -0.009112, -0.262981, 0.204580, -0.100040, 
0.122164, 0.151664, 0.078912, 0.243759, -0.137020, 0.183500, 
-0.054160, -0.050280, 0.141568, -0.010340, 0.116100, -0.260900, 
-0.015392, 0.053756, 0.042764, 0.353739, 0.156380, 0.138960, 
0.000828, 0.000960, 0.087088, -0.219380, 0.263140, -0.190880, 
-0.003512, -0.015656, -0.073592, -0.269181, 0.190600, -0.089400, 
-0.112356, -0.077960, 0.036024, 0.140040, 0.209580, -0.101820, 
-0.083516, -0.032952, -0.063988, 0.070680, 0.123880, -0.037700, 
0.094524, -0.127788, -0.137288, 0.318440, -0.135580, -0.087940, 
0.029168, -0.151168, -0.018136, 0.260960, -0.033380, 0.061100, 
0.125952, 0.054764, -0.010944, -0.202180, 0.263220, -0.051920, 
-0.061344, 0.038320, 0.025084, 0.133660, -0.019500, -0.065920, 
0.054756, 0.093928, -0.021340, 0.217559, -0.100100, -0.024880, 
-0.163456, 0.027000, -0.047500, 0.294600, 0.169620, -0.233180, 
0.143720, 0.000176, -0.057776, 0.342499, -0.386340, -0.144160, 
0.132484, 0.039336, 0.008448, -0.403900, 0.074240, 0.030640, 
-0.120384, 0.000344, 0.031380, 0.406020, -0.084540, 0.133980, 
-0.002048, -0.075604, 0.021344, -0.081140, 0.236160, -0.034300, 
0.154380, 0.012008, -0.009308, -0.086480, -0.023420, 0.167460, 
0.036436, 0.088556, 0.076776, -0.176719, 0.250480, 0.046160, 
0.009184, 0.073884, 0.069900, 0.050580, -0.079080, 0.038000, 
-0.024704, 0.009284, 0.108644, 0.327661, 0.037280, -0.102040, 
0.165800, 0.036388, -0.055860, -0.002320, 0.159760, 0.017060, 
-0.024268, -0.029908, 0.032780, -0.296761, 0.394660, -0.035220, 
0.001908, -0.091504, -0.017132, 0.349599, 0.263180, 0.044660, 
-0.039196, -0.021892, 0.035468, 0.144300, -0.068020, -0.143360, 
-0.144104, 0.079560, -0.048584, -0.420860, -0.210619, -0.007840, 
-0.190224, -0.043372, -0.032852, -0.080440, -0.219720, -0.043700, 
-0.030524, -0.064032, -0.034000, -0.308442, -0.037440, 0.004980, 
-0.144068, 0.080684, 0.009324, -0.372819, -0.255540, -0.037640, 
0.010608, -0.035120, 0.034112, 0.202321, -0.379242, 0.106560, 
0.108708, 0.011000, -0.049268, 0.593600, 0.058320, -0.053040, 
-0.140232, -0.019164, 0.040680, 0.181720, 0.220580, -0.032760, 
0.022868, -0.011072, -0.050664, -0.084440, 0.256920, 0.094040, 
0.046288, 0.066972, -0.090604, -0.116060, 0.346460, 0.088780, 
0.036612, 0.000856, 0.110840, 0.069720, 0.119440, 0.185540, 
0.105476, -0.098092, 0.115804, 0.106720, 0.165800, 0.011280, 
-0.122164, -0.072412, -0.048444, 0.071880, 0.341061, 0.080720, 
0.070904, 0.000504, -0.012776, 0.213438, 0.301020, -0.095120, 
-0.064912, -0.066252, -0.010688, 0.056760, 0.311300, 0.133300, 
-0.012640, 0.039912, 0.010496, -0.612820, -0.336140, 0.143700, 
-0.157924, 0.078624, -0.032296, 0.340820, 0.066340, -0.032760, 
-0.010748, 0.023596, 0.009088, -0.435140, 0.067220, 0.087140, 
0.087864, 0.056504, 0.016868, -0.200101, 0.162280, 0.145540, 
0.168144, -0.135896, 0.055336, -0.284820, 0.566961, 0.104020, 
-0.026752, -0.031312, 0.091772, 0.306361, 0.295561, -0.163520, 
0.015336, 0.085028, -0.068764, 0.649881, 0.103320, -0.091600, 
-0.011212, 0.025412, 0.005536, -0.118980, -0.033040, -0.095420, 
0.013860, 0.027360, 0.001848, 0.092200, 0.175480, 0.036240, 
0.071992, 0.018820, 0.035544, 0.262280, 0.050060, -0.112720, 
0.040112, -0.087196, 0.031432, 0.128620, 0.067600, -0.074900, 
-0.020328, 0.006788, -0.057052, 0.181560, -0.227300, 0.183180, 
-0.022164, -0.087964, -0.078260, -0.701083, -0.372759, 0.010880, 
-0.091952, 0.091184, 0.083816, -0.005360, -0.057360, 0.167560, 
-0.139004, 0.051772, 0.014184, -0.251080, -0.023980, -0.049820, 
-0.062832, 0.193364, 0.000408, 0.137200, 0.070480, 0.049260, 
0.090940, 0.045784, 0.033676, 0.381179, 0.103840, -0.099900, 
0.142412, 0.128128, 0.042040, -0.441799, -0.228460, -0.028060, 
-0.102772, -0.017160, 0.069524, -0.047800, -0.415861, -0.051880, 
0.168424, 0.017784, 0.018612, 0.161920, -0.457199, 0.100760, 
-0.066872, 0.088836, -0.068252, -0.550959, -0.193940, 0.098340, 
0.263512, -0.023044, -0.001860, 0.340481, 0.063480, -0.015320, 
0.057528, 0.127264, 0.030752, 0.317500, 0.106400, 0.083260, 
0.047732, 0.061264, 0.055268, -0.121500, -0.335780, -0.179340, 
0.006228, -0.064016, -0.053100, -0.104380, 0.218500, -0.003320, 
-0.095840, -0.005388, 0.073740, -0.036520, 0.177940, -0.033540, 
-0.118008, 0.123684, -0.066600, -0.381158, 0.121520, 0.027240, 
-0.009672, 0.075356, 0.069908, 0.308160, -0.052760, 0.095280, 
0.005312, 0.051052, 0.011744, -0.463439, -0.031860, 0.055560, 
0.040752, 0.008612, 0.048256, 0.647358, 0.393640, -0.090940, 
0.075372, 0.001084, 0.036880, 0.301400, 0.210720, -0.029120, 
0.184724, -0.036660, -0.025616, 0.125500, 0.219800, 0.163560, 
0.102424, -0.015288, -0.045848, 0.201280, 0.175700, 0.126180, 
0.001464, -0.028884, -0.096004, -0.166320, -0.054380, 0.097880, 
0.027440, -0.053508, 0.028712, 0.408900, -0.055940, 0.132660, 
0.115644, -0.120924, 0.006740, -0.020240, 0.158159, -0.021440, 
-0.002604, 0.018500, -0.034424, -0.200460, 0.159880, -0.043500, 
-0.002304, -0.003028, -0.031704, 0.012400, 0.160180, -0.015980, 
0.071732, -0.095084, -0.011920, 0.218800, 0.078980, 0.120720, 
-0.001764, 0.013576, -0.102724, -0.176940, -0.145040, 0.175720, 
0.112276, 0.094668, 0.028024, -0.681239, -0.015720, -0.029000, 
-0.021396, -0.173307, 0.045968, -0.363020, -0.006240, 0.002160, 
-0.091908, 0.049672, -0.001056, -0.092020, 0.031300, -0.070740, 
0.041632, -0.017784, 0.036820, -0.095900, 0.112760, 0.271340, 
-0.000064, 0.049520, -0.067324, 0.198820, 0.021340, -0.080480, 
0.095100, 0.104420, -0.064052, -0.044320, -0.016720, -0.060000, 
-0.023960, 0.114356, -0.007324, 0.042320, 0.014060, -0.035280, 
-0.088264, -0.037332, 0.050712, 0.063761, 0.261060, 0.023040, 
-0.039280, -0.029016, 0.042844, -0.230500, -0.009780, 0.031440, 
0.075592, -0.013768, -0.000656, 0.268320, 0.305841, -0.182080, 
-0.010600, -0.074908, -0.064136, 0.200239, -0.011540, -0.195560, 
0.031032, 0.029744, 0.071008, -0.213339, -0.040080, -0.171100, 
0.001128, 0.077228, 0.069976, 0.310340, 0.358760, -0.000240, 
0.059796, 0.006660, -0.008568, 0.024160, -0.198760, -0.000380, 
0.033704, 0.073364, -0.002536, -0.260420, -0.447220, 0.146820, 
0.061636, 0.070796, -0.039072, -0.473219, -0.143420, -0.100040, 
-0.102956, 0.194764, -0.000176, 0.503239, 0.284081, 0.030800, 
0.130232, -0.035804, 0.008616, -0.368781, 0.117240, 0.064140, 
0.047324, 0.136128, -0.031376, -0.028560, -0.099060, -0.037400, 
0.019980, -0.119548, -0.051940, -0.000520, 0.349820, -0.042940, 
0.037604, -0.076936, 0.031388, -0.043720, -0.038940, -0.085560, 
0.197452, 0.076392, 0.054116, -0.074340, -0.104700, -0.039460, 
0.044972, 0.147672, 0.009848, 0.040420, 0.047760, -0.029440, 
-0.097184, -0.000316, -0.010804, -0.046580, 0.282780, -0.050280, 
-0.100084, 0.009228, -0.012156, -0.050660, 0.054900, -0.059360, 
0.001060, 0.011248, -0.064324, -0.632999, -0.050240, 0.021820, 
-0.099584, -0.003836, -0.021252, -0.110020, 0.404460, -0.010540, 
-0.080188, 0.072888, -0.008752, 0.225800, -0.006080, -0.098560, 
-0.003572, 0.231397, 0.104588, -0.097340, -0.073560, -0.036500, 
0.163635, -0.124536, 0.071520, 0.382742, 0.129760, 0.271160, 
0.129984, -0.121440, 0.032960, -0.022180, 0.063440, 0.023760, 
-0.052088, -0.034840, 0.012424, -0.313780, -0.028800, 0.097140, 
0.015664, 0.103528, 0.025860, -0.267460, -0.181200, -0.107060, 
0.034348, -0.068716, -0.067352, 0.200940, 0.013700, -0.092380, 
-0.025588, 0.020028, 0.017740, 0.216800, 0.149800, 0.035980, 
-0.045004, -0.185336, -0.030380, -0.064140, -0.113740, -0.069920, 
0.003080, -0.057188, 0.012788, 0.273521, 0.159220, -0.096620, 
-0.013540, -0.170639, 0.036832, -0.317281, -0.305740, 0.007740, 
0.075748, 0.032756, 0.047380, -0.059580, 0.187699, 0.122160, 
0.020924, 0.035028, 0.082112, 0.064480, 0.086300, -0.059020, 
0.023560, -0.157036, -0.105348, -0.204539, 0.194020, -0.076600, 
-0.163108, -0.122400, 0.024324, 0.419019, -0.113640, -0.046580, 
-0.009388, 0.009192, -0.089536, 0.611460, -0.138800, 0.229180, 
0.116796, 0.064168, 0.099920, -0.147840, -0.267881, -0.125280, 
0.005504, 0.017544, 0.049548, 0.174200, 0.233080, -0.164640, 
0.223829, 0.055524, -0.024860, 0.294680, -0.190460, -0.064880, 
0.078752, 0.047620, 0.064292, -0.004680, 0.021800, 0.204040, 
-0.037788, -0.107264, -0.075672, -0.110060, 0.151060, 0.067100, 
0.094912, 0.022436, 0.030812, -0.006960, 0.124060, 0.001240, 
0.014616, 0.015696, 0.025192, -0.113180, -0.084720, -0.070000, 
-0.208432, -0.124028, 0.109544, 0.174240, 0.047060, -0.053840, 
-0.019104, 0.089268, 0.133108, 0.138780, -0.180160, 0.059500, 
0.044488, -0.010284, -0.012788, -0.002960, 0.016740, 0.032300, 
0.199771, 0.076796, 0.075316, -0.591581, -0.191800, -0.062140, 
-0.059060, -0.051452, 0.015444, 0.128820, -0.333920, 0.005520, 
0.095728, -0.081084, -0.005048, -0.172240, 0.277580, -0.006340, 
-0.093184, -0.001212, -0.014372, 0.234480, 0.173060, 0.078520, 
0.067088, 0.011424, -0.024888, -0.403599, -0.057220, -0.168660, 
0.076796, 0.023172, 0.037020, -0.111360, -0.230260, 0.056880, 
0.087844, -0.001648, -0.105200, -0.382301, -0.142980, 0.012220, 
0.075876, -0.147560, -0.038180, -0.101480, -0.399360, 0.034360, 
0.049408, 0.005380, -0.085688, -0.406300, 0.078000, 0.082880, 
0.070468, -0.022180, 0.091344, 0.062480, -0.174940, -0.092720, 
0.090700, -0.045656, 0.079740, 0.246040, -0.193540, 0.024900, 
0.014156, 0.058720, 0.208636, -0.034020, -0.435841, -0.012920, 
-0.128748, 0.012408, 0.015712, -0.435181, 0.032040, -0.042980, 
0.091560, 0.166668, -0.072864, -0.101880, -0.216640, 0.020760, 
0.088780, 0.170080, 0.079704, 0.487501, 0.008960, 0.097780, 
0.068500, -0.014712, -0.030928, -0.645080, 0.004280, -0.212840, 
0.127816, 0.024412, -0.040644, 0.289720, 0.386620, -0.106860, 
0.043404, -0.120364, -0.033664, -0.056260, 0.006920, -0.000460, 
-0.106828, -0.000956, -0.053372, -0.073140, 0.031920, -0.005440, 
0.048744, 0.099932, 0.045780, 0.141220, -0.152400, -0.056140, 
0.102488, -0.029076, 0.052328, -0.154320, -0.048040, 0.085680, 
-0.033872, 0.156580, -0.002036, -0.228620, -0.092000, -0.065720, 
0.052492, 0.218160, 0.028148, 0.357379, 0.274360, 0.104200, 
0.003676, 0.148316, 0.034948, -0.014560, 0.040320, 0.013940, 
0.058844, -0.062620, 0.042292, -0.123801, 0.024520, 0.123380, 
-0.028264, 0.152440, 0.040352, 0.076380, -0.014560, -0.134360, 
-0.010108, 0.000316, -0.030720, -0.260181, -0.029760, 0.008980, 
-0.016444, 0.124888, 0.009192, 0.355580, -0.038640, -0.026300, 
-0.023196, 0.025852, -0.019748, 0.163679, -0.306400, 0.053240, 
-0.069276, -0.140424, -0.103936, 0.083940, -0.050860, -0.003500, 
0.003124, -0.146404, 0.058792, 0.374340, 0.089860, 0.073060, 
0.075904, -0.056608, 0.063116, -0.271200, -0.300019, -0.198500, 
-0.036136, 0.009288, 0.036676, -0.411359, 0.128380, 0.088320, 
-0.090748, -0.017192, 0.033388, 0.475701, -0.500020, -0.189780, 
-0.017532, 0.006020, -0.060888, 0.701323, -0.071580, 0.192580, 
0.108896, 0.047860, 0.042576, -0.375980, -0.249960, -0.057380, 
0.062840, -0.049016, 0.073912, -0.202361, 0.044500, -0.101480, 
-0.035620, -0.045588, 0.079460, 0.310739, 0.210019, 0.044220, 
-0.019112, 0.081812, -0.025288, -0.022940, 0.017200, 0.008840, 
0.083820, -0.080732, 0.054536, 0.173860, 0.103160, 0.004660, 
0.242143, 0.091848, -0.027280, -0.096960, 0.258660, 0.105360, 
0.039140, -0.095640, 0.042772, -0.501641, 0.081580, 0.010200, 
-0.057072, 0.122640, 0.025864, 0.076460, 0.346540, 0.000420, 
-0.080012, 0.080272, 0.035504, 0.397060, 0.041480, -0.056320, 
-0.037816, 0.001472, -0.040044, 0.352440, -0.172560, -0.147920, 
-0.105228, -0.144384, 0.035832, 0.070660, 0.202000, 0.023160, 
-0.025676, 0.001572, 0.064104, -0.035540, -0.009160, -0.098640, 
0.065160, 0.117688, -0.049436, 0.394140, 0.271120, 0.168720, 
0.026132, 0.006032, -0.029416, 0.078200, -0.258441, -0.128920, 
0.022840, -0.131804, 0.018892, 0.182400, -0.159100, -0.031920, 
0.146992, 0.055224, -0.009724, 0.329540, -0.457799, 0.097960, 
-0.006116, -0.022324, 0.153724, 0.273120, -0.165820, -0.046220, 
-0.014552, 0.016688, -0.085228, -0.008540, 0.155760, -0.042280, 
-0.101120, -0.038944, -0.042908, 0.645861, -0.018340, 0.110840, 
0.095744, 0.070128, 0.011068, -0.115760, 0.240860, -0.038240, 
-0.100896, -0.033060, -0.077684, 0.325301, 0.311499, 0.025940, 
-0.035016, 0.075812, -0.050368, -0.357079, -0.501820, -0.006680, 
-0.064456, 0.100232, 0.080856, -0.108380, -0.222780, -0.119680, 
0.002304, 0.102620, 0.067364, -0.276540, 0.097040, -0.017980, 
0.053652, 0.033620, -0.091340, 0.404260, -0.046280, -0.252260, 
0.071976, 0.004124, -0.057076, 0.132541, 0.223500, 0.190380, 
-0.000684, 0.103364, -0.024852, -0.358060, 0.054140, 0.122180, 
-0.038688, 0.067088, -0.047968, 0.218199, -0.356159, -0.230980, 
0.147160, -0.104428, -0.014072, -0.059340, 0.058780, 0.080240, 
-0.067560, 0.009024, -0.054260, -0.155880, 0.051940, -0.224320, 
0.083044, -0.058032, -0.056108, -0.572979, -0.145040, -0.081420, 
0.051604, 0.017256, -0.057000, -0.435340, 0.205519, 0.109580, 
0.229075, 0.088516, -0.035220, -0.119200, -0.030000, 0.027160, 
0.016732, -0.020260, 0.011840, -0.289879, 0.201920, -0.056780, 
-0.162020, -0.016520, -0.055096, 0.238340, -0.181480, 0.016900, 
-0.135024, -0.106844, -0.067068, 0.002700, -0.314400, 0.001760, 
-0.084436, -0.033924, -0.039456, -0.093580, -0.204539, -0.096160, 
0.074608, -0.059312, 0.027820, -0.053080, 0.017680, 0.073700, 
-0.138708, 0.044048, 0.133704, -0.078960, -0.142320, -0.068600, 
0.125732, 0.100616, 0.074700, -0.109700, -0.100300, -0.069320, 
0.013512, 0.078676, 0.032468, -0.030200, -0.033940, -0.109280, 
0.161212, 0.021836, -0.019116, 0.089540, 0.004180, 0.033360, 
-0.007076, -0.053484, 0.001920, -0.211620, 0.014360, 0.109660, 
0.037528, 0.003340, 0.033888, 0.480760, 0.204420, -0.039080, 
-0.089588, -0.019088, 0.068480, -0.091840, 0.347280, -0.071060, 
-0.053576, 0.054508, -0.002036, -0.154780, -0.079540, -0.163760, 
-0.018184, -0.128520, 0.046252, -0.463399, 0.110440, 0.066140, 
-0.058004, 0.300917, -0.083212, -0.270101, 0.290081, -0.006780, 
-0.048472, 0.006416, 0.048696, -0.035780, -0.051700, -0.082120, 
0.079724, -0.094572, 0.006144, -0.145520, 0.136880, 0.065120, 
0.013996, -0.049060, -0.133712, -0.130779, -0.139760, -0.058460, 
-0.221803, 0.038244, -0.054332, -0.054840, -0.148440, 0.056800, 
0.180940, -0.030872, -0.046328, 0.136040, -0.119320, -0.004200, 
-0.085380, 0.037268, 0.001328, -0.048220, 0.409479, -0.053200, 
0.004728, -0.154528, 0.087052, 0.110500, -0.109160, 0.067740, 
-0.078360, -0.184092, 0.032764, 0.140580, 0.158400, 0.090080, 
0.190923, 0.069988, 0.008620, -0.101940, -0.033360, -0.190199, 
0.233456, -0.025668, -0.075396, 0.358518, -0.008300, 0.198880, 
-0.095404, -0.021828, -0.020380, -0.417519, 0.035660, 0.007220, 
-0.020608, -0.036652, -0.023748, 0.406961, 0.352240, -0.026420, 
-0.057568, 0.047744, 0.055600, 0.022080, 0.031280, -0.013320, 
0.021020, -0.017332, 0.027464, 0.195959, -0.151920, -0.043060, 
0.001888, 0.009968, -0.035352, 0.113740, -0.031700, -0.044200, 
0.032740, 0.003068, 0.103508, 0.234059, 0.155980, -0.166400, 
0.011292, -0.080752, 0.033744, 0.383819, 0.366542, 0.125100, 
-0.073760, 0.047892, -0.145460, -0.470721, -0.024740, 0.060840, 
-0.202399, 0.051428, 0.060204, -0.174200, -0.301179, -0.111400, 
-0.084640, 0.123468, -0.018296, -0.071880, -0.018680, -0.050420, 
0.085584, -0.035380, -0.023308, -0.390319, -0.091880, 0.065760, 
-0.174332, 0.112588, -0.024732, 0.081160, 0.106180, 0.119100, 
-0.216140, 0.061896, -0.051388, 0.261300, 0.184580, -0.158000, 
0.040088, -0.007512, -0.002856, -0.486499, 0.069180, 0.182880, 
-0.070796, 0.202464, 0.036772, -0.108321, 0.209459, -0.004560, 
-0.048852, 0.101068, -0.033104, 0.005480, 0.171740, -0.078420, 
-0.098288, 0.066676, 0.136252, -0.648099, -0.200700, -0.039100, 
0.013004, 0.127168, 0.092632, 0.316061, -0.337099, 0.000020, 
-0.057628, 0.089540, 0.030748, -0.027620, -0.173060, 0.100860, 
-0.093076, 0.004144, -0.067488, -0.609882, -0.313941, -0.086100, 
0.087664, 0.010272, 0.006760, 0.269960, 0.370740, 0.105120, 
-0.006492, -0.020760, -0.008416, -0.272901, 0.296940, 0.038960, 
-0.003744, 0.124116, 0.028400, -0.061260, -0.071160, 0.010340, 
0.086856, 0.107380, -0.003024, 0.485400, 0.073860, -0.047880, 
-0.126140, 0.002200, -0.010432, -0.384440, -0.154760, 0.040380, 
0.011604, 0.097176, -0.046156, -0.596779, 0.102060, -0.143300, 
-0.143104, -0.064508, -0.073672, 0.312279, 0.168920, 0.180460, 
0.094404, -0.107232, -0.015684, 0.274240, -0.385200, 0.065920, 
0.091312, 0.096380, 0.012084, -0.283380, 0.590939, -0.072780, 
0.082040, 0.023572, 0.004656, 0.183300, -0.171660, -0.034740, 
0.010124, -0.091684, 0.014576, -0.436979, -0.039800, 0.008020, 
-0.009668, 0.030720, 0.019036, 0.346499, -0.297380, -0.021740, 
-0.169652, 0.100176, -0.141864, -0.034480, 0.070420, -0.076820, 
0.032040, 0.047944, 0.077936, 0.149821, -0.066220, -0.050020, 
-0.115760, 0.033696, 0.000944, 0.490478, -0.247580, -0.064920, 
-0.184052, 0.102012, 0.047356, 0.073640, 0.041840, 0.047880, 
0.022844, -0.052644, 0.052284, -0.099080, -0.128700, 0.048360, 
0.064028, 0.058136, 0.043896, 0.002020, 0.054940, 0.023800, 
-0.002940, 0.067640, -0.017524, 0.510620, 0.277060, 0.009520, 
0.069508, -0.015704, -0.105892, -0.152620, -0.226860, -0.051520, 
0.076756, -0.189688, -0.052412, -0.441201, -0.170120, -0.107200, 
0.120032, 0.055260, 0.056176, -0.425281, -0.355920, -0.140200, 
0.060276, -0.066432, -0.015192, 0.148180, 0.180220, -0.135480, 
-0.075832, 0.028472, -0.000584, -0.324922, 0.039980, 0.055100, 
-0.068476, 0.041492, -0.013816, -0.592600, 0.386880, 0.053020, 
0.096520, 0.036940, -0.119840, 0.596681, -0.052080, 0.139220, 
-0.061640, -0.068476, -0.103692, -0.011020, -0.393780, -0.253620, 
-0.117888, 0.025008, 0.070472, 0.547341, 0.214900, 0.027400, 
-0.195148, 0.043260, 0.051704, 0.289161, 0.132020, -0.001140, 
0.029840, -0.059552, -0.017240, 0.420521, 0.035220, 0.034800, 
0.115020, -0.062912, -0.116556, 0.011160, -0.066580, -0.071820, 
0.042260, 0.053828, 0.047332, 0.518640, 0.156160, 0.104100, 
0.015412, -0.088632, 0.089648, -0.038440, -0.090440, -0.088180, 
0.083224, -0.084580, 0.042444, -0.059540, 0.381780, -0.066760, 
-0.035644, 0.119312, -0.018844, -0.015580, -0.171380, 0.077960, 
0.157032, 0.091512, 0.156376, 0.168800, 0.208560, 0.030480, 
-0.086500, 0.003424, -0.104736, 0.377579, -0.162520, -0.034360, 
-0.067812, -0.055920, -0.041744, 0.228560, -0.086860, 0.056920, 
-0.139180, -0.076836, 0.161552, -0.566841, -0.018360, -0.002260, 
0.004044, 0.000312, 0.058520, -0.377360, -0.090960, -0.025260, 
0.046336, 0.007780, 0.084628, -0.235319, -0.088600, -0.054900, 
0.047820, -0.044188, 0.048192, 0.509619, -0.093220, -0.058780, 
0.135628, 0.088508, -0.031944, -0.217180, -0.185700, 0.024100, 
0.056964, -0.067788, -0.022756, 0.361000, -0.422760, 0.057800, 
0.120060, 0.070952, 0.014132, 0.097220, 0.132800, 0.058440, 
-0.173136, -0.052364, -0.007884, -0.124920, 0.175800, -0.036920, 
0.052164, 0.067148, -0.113444, 0.014980, 0.050400, -0.044840, 
0.128888, -0.028788, -0.015680, -0.185980, 0.086920, -0.069200, 
-0.021016, 0.069360, 0.074844, 0.084840, -0.137120, -0.020020, 
-0.258588, -0.111164, 0.110596, 0.626238, 0.025180, 0.081540, 
0.010032, -0.052100, 0.050248, 0.395539, -0.469120, 0.022140, 
0.023404, -0.094284, -0.102540, 0.257801, 0.369560, -0.051000, 
-0.090916, -0.040816, 0.094752, 0.102060, 0.135900, 0.139960, 
-0.008820, -0.030412, -0.023248, 0.706341, -0.259500, -0.121260, 
-0.141740, -0.006140, 0.070860, 0.354939, 0.177200, -0.082760, 
0.024060, 0.044564, 0.033092, 0.275579, 0.101760, 0.070540, 
0.102460, -0.081088, -0.015236, 0.473401, -0.041220, -0.040480, 
-0.025016, -0.037728, 0.055008, -0.270920, 0.018720, -0.020120, 
0.071740, -0.101804, -0.006220, 0.311781, -0.004700, -0.012880, 
-0.023484, -0.105764, 0.122736, -0.159200, -0.045980, 0.037460, 
0.103736, 0.057492, 0.030356, -0.368780, -0.635439, -0.002940, 
-0.028480, -0.021216, -0.024880, -0.251361, -0.176420, 0.019480, 
-0.097684, 0.014656, -0.075612, -0.739378, -0.000300, 0.138480, 
-0.074632, -0.019044, -0.009592, 0.299221, 0.157820, 0.001700, 
0.082588, 0.121124, 0.084464, -0.027620, -0.240600, 0.076220, 
0.008840, -0.001804, 0.048748, 0.526400, 0.216900, -0.000780, 
0.011644, 0.167704, 0.018496, -0.099900, 0.385559, -0.035100, 
0.029332, 0.033112, -0.015592, -0.154140, -0.162200, 0.217160, 
-0.096432, 0.023984, -0.012004, 0.167660, -0.004920, 0.078820, 
0.004300, 0.009904, -0.049784, 0.468000, 0.052560, 0.011000, 
0.059408, -0.085156, -0.061300, 0.046460, 0.318100, -0.074760, 
0.044640, 0.015012, -0.051748, 0.415200, -0.041240, -0.027540, 
-0.015848, 0.065332, 0.018376, 0.475960, -0.095600, 0.043860, 
-0.015468, -0.113548, 0.047888, -0.315060, 0.057460, -0.007440, 
0.005420, -0.107672, -0.029516, -0.184760, 0.129960, -0.009480, 
0.046640, 0.115728, -0.043916, 0.499661, 0.104300, 0.098580, 
0.108240, 0.034928, -0.045736, 0.408199, 0.266620, 0.068900, 
-0.055964, 0.045180, 0.008880, -0.176600, 0.395580, 0.021660, 
0.048336, -0.027736, 0.002984, -0.104380, -0.161680, 0.029500, 
0.075112, 0.020312, -0.031768, 0.601739, 0.278479, -0.058760, 
-0.062448, 0.064860, 0.020504, 0.208639, 0.065620, 0.042440, 
-0.035860, -0.066152, 0.055912, -0.053700, 0.082560, 0.167180, 
-0.236580, -0.150568, 0.020900, -0.244300, 0.204400, -0.055160, 
-0.080360, 0.032312, -0.025384, 0.986800, 0.119080, 0.169840, 
-0.051508, 0.013576, -0.077700, 0.197279, -0.064620, 0.050040, 
0.028408, 0.023684, -0.040764, -0.334820, -0.132060, -0.029840, 
-0.054672, -0.079664, 0.071068, 0.029280, 0.075100, -0.038520, 
-0.155032, -0.033868, -0.003892, -0.258800, 0.236140, 0.055460, 
-0.069640, 0.046224, -0.006500, -0.464099, -0.067940, -0.214400, 
-0.041052, 0.005832, 0.039668, 0.062640, 0.071760, 0.050780, 
-0.055500, 0.000780, -0.101444, 0.200300, -0.087440, 0.115100, 
-0.121528, 0.023092, -0.051520, -0.238160, 0.089540, -0.241260, 
-0.007036, -0.001672, 0.053032, -0.126940, -0.187060, -0.042280, 
0.099300, 0.002592, -0.021044, 0.326899, 0.216940, -0.136000, 
-0.083180, -0.021688, 0.151768, -0.002880, 0.065480, -0.105020, 
0.000776, 0.036964, -0.056972, -0.514961, 0.297901, 0.014560, 
0.060656, 0.007916, 0.106988, -0.079000, -0.145960, 0.202280, 
0.083236, 0.033680, 0.003816, 0.293620, -0.052360, -0.070960, 
0.104128, -0.197536, 0.020244, -0.355180, -0.006400, 0.087700, 
0.073332, 0.063496, 0.044028, -0.146660, -0.136560, 0.003080, 
-0.077188, 0.079680, -0.032016, 0.377160, 0.076560, -0.033880, 
-0.049472, 0.126468, 0.107176, -0.350258, 0.268140, -0.085640, 
-0.049908, 0.045388, -0.032844, 0.746357, -0.029580, -0.086340, 
-0.012620, -0.106308, -0.024040, -0.040660, -0.017880, 0.012440, 
-0.178340, -0.066044, 0.121440, 0.167740, 0.074400, 0.034040, 
-0.118296, -0.151288, -0.007796, 0.254841, -0.265660, 0.041920, 
0.028836, -0.002156, 0.130332, 0.490479, -0.085720, 0.099860, 
0.044080, 0.064536, 0.039068, 0.186900, 0.222040, 0.030240, 
0.095120, 0.059136, -0.039552, -0.781760, -0.037760, 0.048340, 
-0.024272, -0.009884, 0.047628, 0.518560, -0.072760, 0.110160, 
0.013036, 0.079960, -0.029964, -0.320702, -0.212140, 0.135160, 
-0.036272, 0.082524, 0.003760, -0.066540, -0.080480, 0.046760, 
0.134008, -0.078472, -0.065060, -0.592060, 0.016460, -0.075320, 
-0.022808, 0.070980, -0.053208, 0.094660, -0.341420, 0.115280, 
-0.053356, -0.003084, 0.106872, -0.180580, -0.382300, -0.157540, 
0.076328, -0.044264, -0.046384, 0.631620, -0.031080, -0.124520, 
-0.046072, 0.051100, -0.022888, -0.252239, 0.058600, -0.128660, 
0.061500, -0.167352, 0.071080, -0.359120, -0.151480, -0.072300, 
0.098900, -0.019892, 0.084168, 0.473139, -0.090500, 0.025120, 
0.092268, 0.003544, -0.065344, 0.366579, 0.142640, 0.138920, 
-0.040904, 0.046044, 0.021928, -0.434100, 0.262120, 0.126060, 
-0.104960, 0.093556, -0.013564, 0.208140, 0.127060, -0.174200, 
-0.011732, -0.042856, -0.007060, 0.118440, 0.026440, -0.072800, 
0.062320, -0.159076, -0.012128, -0.203899, -0.232720, -0.083300, 
-0.112636, 0.004480, 0.029244, -0.172480, 0.076820, 0.065400, 
-0.129872, -0.110176, 0.014324, 0.419858, -0.247160, -0.035060, 
-0.115968, 0.068980, 0.091048, 0.217420, 0.273820, -0.123360, 
0.118584, -0.058680, 0.041872, 0.007020, 0.226019, -0.000620, 
0.104580, 0.028220, -0.014448, -0.217660, -0.012860, 0.058640, 
0.064716, 0.030656, -0.097860, 0.392980, 0.467360, 0.061280, 
-0.031920, 0.038036, -0.012920, 0.126820, 0.305900, -0.017560, 
-0.142984, 0.009100, 0.061208, -0.310780, -0.293560, -0.029260, 
-0.019124, 0.031884, -0.044456, -0.019940, 0.120520, 0.026940, 
-0.035568, 0.009536, 0.047392, -0.276660, 0.172340, -0.086380, 
-0.046020, -0.008600, 0.176480, 0.182959, -0.007800, 0.142240, 
0.110516, 0.008752, 0.085280, -0.702281, -0.027620, 0.009960, 
0.043144, 0.009716, 0.005184, -0.193360, -0.306660, 0.066440, 
0.149824, 0.006392, 0.083132, -0.110900, -0.203160, -0.081540, 
0.139292, 0.014868, 0.049920, -0.370500, 0.036960, 0.163040, 
-0.080368, -0.027348, -0.049408, 0.255100, 0.194200, 0.014200, 
0.026100, -0.014152, 0.028624, 0.030420, 0.505820, -0.043400, 
0.128796, 0.134508, 0.018628, 0.115900, 0.388400, -0.289480, 
-0.084760, 0.057760, 0.053340, 0.320741, 0.238220, -0.026420, 
0.050380, -0.001944, -0.002292, -0.258380, 0.032960, 0.063880, 
0.015708, -0.171864, 0.035112, 0.423500, -0.349680, 0.013620, 
-0.111772, 0.212252, 0.023676, -0.996960, 0.106560, -0.044480, 
0.058460, 0.000460, 0.023192, -0.022800, 0.318121, -0.082240, 
-0.065500, 0.036924, -0.011736, 0.663500, 0.008460, -0.012680, 
0.069568, 0.099984, -0.044480, 0.047220, 0.135600, 0.115820, 
-0.104464, 0.125800, -0.077764, 0.111880, -0.011840, 0.016320, 
0.043728, -0.136752, -0.036208, -0.417980, 0.012960, -0.012580, 
0.162124, 0.045388, 0.003324, -0.343040, 0.137560, -0.049040, 
0.017296, 0.129732, 0.044300, -0.082080, -0.228839, -0.029360, 
0.069892, -0.112360, -0.039224, 0.531420, -0.131480, -0.045020, 
0.012756, -0.141936, 0.142940, 0.204600, 0.137360, 0.104060, 
0.055676, -0.030616, 0.024168, 0.061601, 0.201800, -0.082140, 
-0.065948, -0.003072, 0.092472, -0.454460, -0.343819, 0.037220, 
-0.019312, -0.035040, 0.044960, -0.383000, -0.102260, 0.188780, 
0.034396, 0.019620, 0.001636, -0.478600, -0.220740, 0.133400, 
0.047924, 0.052356, 0.041740, -0.175260, 0.211320, 0.045780, 
-0.164511, -0.055924, 0.008128, -0.244300, 0.176240, -0.126900, 
0.187860, 0.031948, 0.035992, 0.029060, 0.043380, -0.012380, 
-0.003620, -0.055732, 0.058520, -0.135860, 0.070500, 0.143600, 
0.091156, 0.027384, 0.028188, -0.171580, 0.057360, -0.135880, 
0.084980, 0.061352, -0.020240, -0.559178, 0.147060, 0.011640, 
-0.007176, 0.101244, 0.027336, 0.813421, -0.312420, 0.073840, 
-0.006372, 0.095976, 0.038752, 0.355261, 0.025700, 0.023060, 
-0.016568, 0.011516, -0.003480, -0.118620, 0.122500, 0.065140, 
-0.052924, -0.052128, 0.046416, 0.421421, -0.061060, 0.198040, 
0.192944, -0.026972, -0.034632, -0.515920, -0.043420, -0.295000, 
-0.133044, -0.004952, -0.073640, 0.583381, 0.464920, 0.046880, 
0.041108, 0.003188, -0.073316, -0.048280, 0.096260, 0.118740, 
0.165952, 0.101348, 0.040988, 0.685259, -0.163840, -0.045700, 
-0.025616, 0.109652, -0.056888, 0.308859, 0.020760, 0.140260, 
-0.048896, 0.011620, -0.005580, -0.536460, -0.009680, 0.192960, 
-0.105984, 0.073504, 0.105904, 0.027200, -0.080740, 0.077580, 
-0.103164, 0.141076, -0.003568, -0.512040, 0.349421, 0.142560, 
-0.170327, 0.047864, 0.022692, 0.407100, 0.316960, 0.032240, 
0.106020, 0.053728, 0.022992, -0.060280, 0.223400, -0.141720, 
0.057152, -0.037808, 0.030628, 0.244259, -0.011160, 0.072980, 
-0.006032, -0.023332, 0.018288, 0.131880, -0.067860, 0.067860, 
-0.013608, 0.041556, 0.017808, 0.365401, -0.056800, -0.031420, 
0.306285, 0.017268, 0.024396, -0.453259, 0.285281, -0.109460, 
0.119236, -0.013112, 0.091344, 0.408479, -0.406200, 0.007680, 
-0.071300, -0.102976, -0.019456, -0.197100, -0.121820, 0.002100, 
0.063828, 0.112176, -0.092576, -0.661598, -0.155640, 0.105580, 
0.004036, 0.096172, -0.050768, 0.155300, 0.178120, 0.146060, 
-0.135172, 0.080864, 0.108292, 0.156440, -0.129500, 0.042980, 
-0.124084, 0.080552, 0.009984, -0.240819, 0.206799, 0.005220, 
0.149848, -0.061904, -0.003268, 0.366258, -0.089700, -0.045700, 
-0.042392, 0.029972, 0.056180, -0.092080, 0.272040, 0.065580, 
-0.066880, 0.013224, 0.003236, -0.050480, -0.185740, 0.068920, 
0.102976, -0.147560, 0.024012, -0.634140, 0.186140, 0.013020, 
-0.004240, 0.056288, 0.076328, 0.132500, -0.057060, -0.102280, 
-0.130584, -0.158136, -0.016264, -0.195881, 0.218820, 0.147040, 
0.081536, -0.216683, -0.064308, -0.137080, 0.072280, -0.151620, 
-0.104472, 0.000484, -0.119232, 0.267839, -0.107400, 0.163960, 
-0.090504, 0.074656, 0.068860, 0.020420, -0.159760, -0.197000, 
-0.092140, -0.016444, 0.048676, 0.341521, -0.159000, 0.026260, 
0.061964, -0.080960, 0.006168, -0.036520, -0.222140, -0.189080, 
-0.070072, 0.035956, 0.014112, 0.374619, 0.211040, 0.047240, 
0.121616, -0.005016, 0.009636, 0.124780, 0.202200, 0.063120, 
0.018684, -0.094396, -0.041372, 0.122700, -0.039760, 0.125620, 
-0.071828, -0.000128, -0.062300, 0.092960, 0.022740, 0.013960, 
0.085216, -0.010652, -0.078464, 0.560399, -0.016160, 0.077540, 
-0.043476, -0.032836, -0.008144, 0.596979, -0.114460, 0.014340, 
0.089388, -0.104268, 0.190452, 0.168500, -0.053600, -0.024300, 
0.082692, 0.041848, -0.101152, 0.133520, 0.015660, 0.144760, 
0.077824, 0.033144, 0.031804, 0.336639, -0.040200, -0.058220, 
0.009400, -0.030856, 0.005008, 0.089359, -0.254299, 0.044400, 
0.128008, 0.068588, -0.035584, 0.157740, -0.047500, -0.218260, 
0.009900, 0.167824, -0.076932, 0.486500, 0.076540, 0.128000, 
-0.022512, 0.150568, 0.007880, 0.725575, 0.185620, -0.033380, 
-0.126172, -0.015032, -0.097576, 0.635022, -0.114820, -0.046400, 
0.020160, -0.101316, 0.040792, 0.074380, 0.246340, -0.149960, 
0.024532, -0.071592, 0.009768, -0.383640, 0.113100, -0.042460, 
0.014040, 0.045188, 0.017060, 0.050320, -0.078160, 0.145740, 
-0.021788, 0.034896, -0.129264, -0.324080, 0.077300, -0.074180, 
-0.030864, 0.038004, -0.042996, -0.008760, -0.167760, -0.067760, 
-0.182864, 0.010200, -0.123844, 0.349319, -0.287680, -0.003260, 
0.160556, -0.049008, -0.047584, -0.404461, -0.207800, -0.085560, 
-0.080336, 0.042640, -0.053368, 0.000520, -0.064300, -0.050300, 
-0.031996, 0.031196, -0.055100, 0.172460, 0.244500, 0.181560, 
-0.032532, 0.036048, 0.094396, 0.186000, 0.093460, -0.006700, 
-0.102472, -0.060180, 0.050208, -0.163640, -0.079760, 0.031700, 
-0.124032, -0.097600, -0.006896, 0.467500, -0.413580, 0.032960, 
0.141720, -0.024928, -0.032368, -0.149600, 0.031440, 0.059480, 
-0.256652, -0.033140, 0.044680, -0.048420, -0.302480, 0.087920, 
-0.037668, -0.113716, 0.050140, -0.284561, -0.061820, 0.025120, 
0.073912, -0.043932, 0.119184, 0.136700, -0.081660, -0.097780, 
-0.114880, -0.119592, -0.035380, 0.256681, 0.247860, -0.004420, 
-0.010032, -0.112056, 0.007744, -0.496780, 0.059140, 0.000800, 
0.056820, -0.053220, 0.026348, -0.198500, -0.106860, -0.001440, 
0.046548, 0.086800, 0.029108, 0.506499, 0.094820, -0.037080, 
-0.134472, -0.050128, -0.021000, -0.306500, -0.006040, -0.047620, 
-0.080556, 0.032148, 0.041684, 0.126660, -0.115140, 0.264141, 
-0.013816, -0.042168, -0.014544, 0.027380, 0.031260, 0.151660, 
0.043144, -0.070328, 0.075780, -0.171660, 0.150120, 0.005900, 
0.054424, 0.016152, 0.058388, -0.366361, 0.111360, -0.011120, 
-0.177312, 0.106392, 0.010612, 0.048840, 0.046200, -0.016620, 
0.159064, 0.056788, 0.011052, -0.094620, 0.261900, -0.022760, 
-0.025868, 0.073992, -0.085308, 0.395361, 0.087020, 0.032800, 
0.056608, -0.000108, 0.046124, 0.499620, 0.201620, 0.143360, 
-0.054712, -0.049224, 0.018264, 0.006640, -0.127480, 0.128640, 
-0.000320, 0.043956, 0.011680, 0.788161, 0.032960, 0.004340, 
-0.058448, 0.085156, 0.033052, -0.268460, 0.178040, -0.057620, 
0.074308, -0.024492, 0.003808, -0.010500, 0.391079, 0.165500, 
0.076320, 0.093772, -0.052000, 0.309760, -0.028560, -0.090600, 
-0.121036, 0.101508, -0.083604, -0.174900, 0.129260, -0.084920, 
-0.034804, -0.031820, -0.000392, 0.162180, 0.086580, -0.032820, 
-0.183360, 0.098140, 0.000240, 0.206060, 0.228220, -0.047780, 
-0.081236, -0.024304, 0.037364, -0.214200, -0.111920, -0.045260, 
-0.117140, -0.059536, 0.028348, -0.140380, 0.260840, 0.034300, 
0.010716, -0.079140, 0.083920, 0.503501, -0.372540, -0.046720, 
0.009780, 0.086716, 0.038508, -0.306040, 0.118660, -0.000460, 
-0.050292, -0.053508, 0.051612, 0.016520, 0.202460, -0.018640, 
-0.131952, 0.015584, 0.000268, -0.125240, -0.292100, -0.163040, 
-0.044572, 0.253584, 0.075284, -0.111240, 0.040600, 0.044620, 
0.048596, -0.066752, 0.033764, -0.285620, 0.503540, -0.074280, 
0.111288, -0.114488, -0.097552, 0.009320, -0.077020, 0.109320, 
-0.076156, 0.045188, -0.014648, -0.372018, 0.374440, 0.057160, 
0.054504, -0.016436, -0.021140, -0.302680, -0.443300, 0.129240, 
-0.026224, 0.150232, 0.050924, 0.126380, 0.349260, 0.260661, 
0.038736, 0.094056, -0.020960, -0.313960, -0.160940, 0.037540, 
0.095612, -0.013992, -0.001200, 0.143120, 0.471000, -0.003960, 
-0.029052, -0.036468, -0.107272, -0.375938, 0.194860, 0.088240, 
-0.014204, -0.125616, 0.006188, -0.251440, 0.110500, -0.162760, 
0.099372, 0.008236, -0.041904, 0.620060, 0.197900, -0.255740, 
0.045052, 0.054736, 0.020832, 0.240000, -0.049960, 0.018380, 
0.106428, 0.017808, -0.052620, 0.278519, 0.126300, 0.023860, 
-0.011348, 0.124408, -0.093720, -0.273220, 0.114240, 0.122400, 
0.032164, -0.034664, -0.045324, -0.071120, -0.326760, -0.116460, 
0.211805, 0.048432, -0.016668, -0.272721, 0.142220, 0.045120, 
0.019464, -0.067484, -0.069908, 0.122100, -0.358860, 0.027500, 
0.170284, 0.070636, 0.038920, -0.032800, 0.082980, 0.044020, 
-0.042500, -0.110264, -0.069788, 0.016560, 0.126140, 0.171860, 
0.057512, -0.020752, -0.021660, 0.279440, 0.034720, -0.038540, 
-0.125164, 0.131540, 0.043228, -0.392541, 0.069720, -0.038140, 
0.018104, 0.001748, -0.013828, -0.157580, -0.143900, 0.055720, 
0.048404, -0.114256, 0.052496, -0.557639, -0.079500, -0.273960, 
-0.035188, -0.003024, 0.020224, -0.225200, -0.196240, -0.032340, 
0.075904, -0.128096, -0.033320, 0.099260, 0.050540, -0.044400, 
0.123808, 0.041336, -0.037120, 0.351859, 0.088800, 0.086000, 
0.060788, -0.034692, 0.049484, 0.045400, -0.068300, -0.238560, 
-0.131580, 0.087472, 0.034456, -0.304640, -0.096840, -0.165220, 
-0.121520, -0.204339, -0.010708, 0.032400, -0.004740, 0.035900, 
-0.007460, 0.022724, -0.036824, 0.468461, -0.169580, 0.012380, 
0.048988, -0.084392, -0.000992, -0.428341, 0.254320, -0.150280, 
-0.026384, -0.048728, 0.085644, 0.248499, 0.483501, 0.010600, 
0.013652, 0.094648, -0.122436, 0.066440, -0.036240, 0.011480, 
-0.112384, -0.046732, 0.014788, 0.351021, -0.280221, -0.082160, 
0.087144, -0.033788, -0.056076, 0.310260, -0.207200, -0.177920, 
0.044508, 0.088268, -0.089408, 0.204960, -0.385659, -0.039100, 
0.114752, -0.113384, 0.043844, 0.288960, 0.115100, 0.026940, 
0.126604, 0.075120, 0.098708, -0.089560, 0.149420, 0.223520, 
-0.007328, 0.117784, -0.016348, 0.150541, -0.479560, -0.004680, 
0.041552, -0.094092, 0.050112, -0.195980, 0.065820, 0.077580, 
0.008460, 0.086448, -0.012012, 0.034300, 0.106820, 0.051640, 
-0.127952, 0.178636, -0.108348, 0.062560, 0.053680, 0.078660, 
0.092712, 0.056244, 0.110224, -0.137960, -0.275760, 0.029820, 
0.078620, -0.107176, 0.017924, 0.380520, 0.135700, -0.133960, 
-0.109228, -0.046644, -0.011372, -0.408161, -0.192520, 0.048540, 
0.170036, -0.003696, -0.046952, -0.436401, 0.141480, -0.052120, 
0.128269, 0.106184, 0.086804, -0.150761, -0.442519, -0.020800, 
0.118248, -0.086968, 0.070516, -0.441979, -0.279080, -0.072900, 
0.056264, 0.040516, 0.098704, 0.001000, -0.001680, -0.074680, 
-0.017756, 0.106964, 0.046988, 0.096100, -0.131360, -0.043560, 
-0.042540, -0.023488, 0.021300, -0.525641, 0.139000, -0.104040, 
0.067388, 0.095392, 0.102472, -0.139840, 0.070760, 0.037360, 
0.135748, 0.145792, -0.069888, 0.371380, -0.045860, -0.053220, 
0.050316, -0.011304, 0.013588, 0.337939, -0.200700, -0.139060, 
-0.026388, 0.009652, 0.156688, 0.005280, 0.137980, -0.071820, 
-0.088204, -0.085588, 0.125524, -0.055140, -0.062120, -0.102440, 
-0.154396, -0.079232, -0.029328, 0.279060, -0.188000, -0.045860, 
0.152916, -0.179524, 0.034700, -0.066140, 0.132340, -0.046840, 
0.086324, -0.175040, 0.031960, -0.375081, 0.257440, 0.004380, 
-0.107456, -0.027328, -0.003712, 0.159360, 0.194000, 0.051180, 
-0.078948, -0.033484, 0.099988, 0.627200, -0.024340, -0.004000, 
0.026516, -0.159208, 0.035508, -0.401700, 0.330380, 0.044360, 
0.062064, 0.078004, -0.012808, -0.004700, -0.439539, 0.037800, 
-0.119772, 0.017672, -0.004160, -0.616539, -0.641499, 0.055460, 
0.031912, -0.191004, -0.006352, 0.039800, -0.007440, 0.017680, 
0.078884, -0.099580, 0.007068, -0.263179, 0.010040, 0.113340, 
-0.164504, -0.111928, 0.005556, -0.241180, 0.326780, 0.126080, 
0.048992, -0.190840, -0.106088, 0.102360, 0.164340, 0.087560, 
0.055060, 0.016084, 0.023648, -0.224521, 0.000640, 0.020060, 
0.031760, 0.046924, -0.150908, -0.090800, 0.137580, 0.004900, 
0.059512, -0.007252, -0.066868, -0.227119, -0.173500, 0.073720, 
0.016484, -0.054692, 0.055572, 0.647879, -0.217100, 0.100220, 
-0.051520, -0.064816, -0.055348, -0.542040, 0.077380, 0.107200, 
-0.010496, -0.117964, 0.050472, 0.357880, -0.286380, 0.041060, 
-0.091100, -0.091400, 0.079144, -0.218620, -0.039800, 0.098340, 
0.026076, -0.065816, 0.101240, 0.252960, 0.053480, -0.158420, 
-0.030592, -0.089768, 0.039728, -0.279441, -0.517560, -0.078200, 
0.050544, 0.024076, 0.062216, 0.236921, 0.086460, 0.035700, 
-0.072228, -0.005316, 0.008960, -0.236379, 0.146040, 0.028180, 
0.174160, -0.022964, 0.030252, 0.202280, -0.126120, -0.025860, 
-0.132412, 0.016096, -0.017976, -0.607080, -0.223240, 0.027880, 
-0.034600, 0.045276, 0.065784, -0.235140, -0.228340, 0.006600, 
0.152472, -0.082164, 0.137300, 0.217820, -0.143340, 0.181200, 
-0.014616, 0.115868, 0.003452, 0.032300, -0.204480, 0.061180, 
-0.048284, 0.037192, 0.020588, 0.078500, -0.186660, 0.159580, 
0.067212, 0.026180, -0.081616, -0.588877, -0.173520, 0.117800, 
-0.104936, 0.004552, 0.085348, -0.025660, 0.138940, 0.046340, 
-0.187579, -0.037720, 0.003004, -0.677204, 0.149380, -0.014740, 
0.020812, -0.079596, -0.010380, 0.410280, -0.146880, -0.079180, 
0.083120, 0.063604, -0.008496, -0.055480, 0.061500, 0.099680, 
-0.153852, -0.104504, -0.048216, 0.204700, -0.250920, -0.069540, 
-0.063012, -0.078988, -0.004168, -0.050300, -0.083520, 0.088460, 
0.011240, 0.120884, -0.049940, -0.447221, 0.071260, 0.034060, 
0.081524, 0.127756, 0.024960, 0.059660, -0.096880, 0.067320, 
-0.165208, 0.003984, -0.001960, 0.076040, 0.142680, -0.071500, 
0.142440, 0.036516, -0.012980, 0.170080, 0.023640, 0.144560, 
-0.072336, -0.131524, -0.007748, -0.133420, 0.163960, 0.040660, 
0.042132, -0.033084, 0.003388, -0.151540, 0.145360, 0.135440, 
-0.055980, 0.048972, 0.058016, 0.537559, -0.268820, -0.062880, 
0.089564, 0.012344, 0.012808, -0.137320, 0.116220, -0.087320, 
-0.030628, -0.009300, 0.105580, -0.150600, -0.053580, 0.000640, 
0.106608, 0.071424, -0.088744, 0.233220, 0.220759, 0.021060, 
0.011284, -0.051204, 0.070236, -0.170661, 0.010360, 0.023240, 
-0.243745, -0.004092, 0.029096, 0.057180, -0.007180, -0.192440, 
0.075372, 0.101940, -0.065184, -0.049320, 0.235080, 0.018560, 
0.048136, -0.000672, 0.018756, 0.056360, -0.119820, 0.005600, 
-0.040156, -0.053484, -0.002780, 0.364421, -0.133980, -0.144640, 
-0.109788, 0.123192, -0.139804, -0.387299, -0.121980, 0.053000, 
0.052660, -0.073724, -0.077536, 0.440459, -0.084760, 0.006420, 
0.048524, 0.271901, 0.136224, 0.162940, -0.048680, -0.221320, 
-0.046512, 0.016828, -0.087888, 0.003740, -0.243081, 0.093200, 
0.100092, 0.062028, -0.028528, 0.155520, 0.191460, 0.089920, 
0.112336, -0.006044, -0.014568, -0.336979, -0.141180, 0.206380, 
-0.094228, 0.019416, -0.096684, -0.053900, -0.257320, 0.044020, 
-0.019512, 0.014696, -0.046348, 0.204399, -0.152280, -0.050940, 
-0.001616, 0.095296, 0.014656, -0.063980, 0.356860, 0.158100, 
0.008200, 0.066792, 0.074736, 0.233360, 0.287860, -0.002220, 
0.025268, 0.027064, 0.036228, 0.047140, 0.125980, -0.066780, 
0.043096, 0.202616, 0.025900, 0.265520, -0.024360, -0.138920, 
-0.191108, -0.044040, 0.012668, -0.105221, 0.168100, -0.157140, 
-0.119064, -0.019552, -0.041996, 0.312999, 0.019460, 0.045640, 
-0.020568, -0.067700, -0.104036, 0.517060, 0.131460, 0.023260, 
-0.064896, 0.018684, 0.061340, -0.017080, -0.091240, 0.121700, 
0.095440, 0.009716, -0.016508, 0.291321, 0.285240, -0.043480, 
0.068700, 0.050412, 0.006612, 0.373979, -0.068640, 0.235800, 
0.126380, 0.121528, 0.050780, -0.300059, 0.024540, -0.010460, 
-0.111788, -0.239056, -0.035284, 0.205440, -0.070820, 0.005560, 
0.071916, 0.066208, -0.093712, -0.037700, 0.084580, 0.111640, 
-0.089620, 0.126780, -0.023984, -0.346181, -0.176380, 0.137400, 
0.012296, -0.054812, -0.043020, -0.126521, -0.209660, -0.064420, 
-0.047068, -0.059860, 0.027484, 0.293660, -0.133420, -0.135060, 
-0.007684, -0.014556, 0.087092, 0.002160, -0.115780, 0.046980, 
-0.048584, -0.086908, -0.114428, 0.445679, -0.040560, 0.095560, 
0.164012, 0.048656, 0.043944, 0.374300, 0.129920, -0.014720, 
0.186399, 0.020844, 0.082208, -0.049520, 0.239960, -0.039900, 
-0.048392, -0.113416, 0.067356, 0.019400, 0.196960, 0.066920, 
0.051868, 0.035496, 0.081440, 0.467760, 0.134620, 0.005480, 
-0.014880, 0.083268, 0.053364, -0.275460, 0.463259, -0.015180, 
0.047372, 0.011792, 0.044416, 0.125980, 0.036280, -0.179020, 
0.003924, -0.016952, -0.012916, -0.400560, -0.263260, 0.074700, 
-0.046940, -0.029764, -0.033744, 0.114500, 0.054300, -0.274400, 
-0.014424, 0.035648, -0.023560, 0.105300, -0.068420, -0.047340, 
0.048592, -0.008168, 0.071644, -0.350360, -0.244680, -0.056180, 
0.076232, 0.135288, -0.019428, -0.353640, -0.233619, -0.083340, 
-0.109108, -0.083868, -0.005752, -0.316281, 0.339959, -0.127000, 
0.117388, 0.000280, 0.051372, 0.106880, 0.352401, 0.057800, 
-0.109904, -0.097788, 0.058152, -0.561601, -0.085060, 0.036500, 
0.013308, -0.198276, 0.006556, 0.513279, 0.141280, -0.067140, 
0.052040, -0.016052, 0.022000, -0.118520, 0.139700, -0.126160, 
0.121472, 0.042868, -0.003392, -0.412880, 0.059220, 0.012740, 
-0.061396, 0.023568, 0.017012, -0.007960, 0.002520, -0.048720, 
0.074108, -0.034400, -0.138512, 0.085580, -0.096700, -0.059680, 
0.043524, -0.017488, -0.062604, 0.007120, -0.073420, 0.062120, 
-0.049456, 0.061972, -0.027988, -0.231281, -0.061200, 0.101960, 
-0.010252, 0.051544, 0.031780, -0.372701, 0.171540, -0.089060, 
0.026304, -0.079628, 0.063684, -0.024380, -0.103900, 0.135020, 
0.156240, -0.019552, -0.002696, -0.048460, -0.054740, 0.042480, 
-0.145712, -0.025564, -0.015468, 0.175560, -0.439440, 0.170660, 
0.042780, -0.027472, 0.186920, 0.028040, -0.206040, 0.025140, 
0.057600, 0.006672, -0.093368, -0.023820, -0.235720, 0.035260, 
0.009904, 0.026512, -0.095092, 0.283401, -0.128080, -0.099540, 
-0.009996, 0.025804, -0.082188, -0.134100, 0.105100, -0.082520, 
0.129528, 0.017468, 0.056396, -0.050600, 0.397761, 0.111800, 
-0.145696, 0.026000, 0.048112, 0.497338, 0.263920, 0.000180, 
-0.138260, 0.020308, 0.010276, 0.126580, 0.285761, -0.099940, 
0.094540, -0.067720, -0.063076, 0.228420, -0.023240, 0.093060, 
-0.097140, -0.046784, -0.029360, 0.327900, 0.098140, -0.195100, 
-0.177232, -0.101980, 0.046404, 0.225360, -0.527459, 0.121920, 
0.067888, -0.130996, 0.053040, -0.554001, -0.529040, 0.035800, 
-0.000416, -0.063652, 0.034032, 0.584361, 0.186260, -0.080280, 
-0.014304, 0.046876, -0.014868, -0.390378, -0.275240, -0.062460, 
0.068444, -0.008372, 0.041896, -0.387280, -0.084200, 0.009880, 
0.021248, 0.158980, 0.071992, -0.054200, 0.201881, 0.089020, 
0.073648, 0.089940, -0.023480, 0.049280, 0.247080, -0.008040, 
0.032024, 0.021632, 0.026184, 0.406840, -0.073580, -0.117060, 
-0.051684, -0.007208, 0.024420, 0.476582, -0.098980, 0.006400, 
-0.028348, -0.032820, 0.006004, 0.229301, -0.443900, -0.013120, 
0.061976, 0.024592, 0.026436, -0.103500, 0.030220, -0.078240, 
-0.058520, 0.049220, 0.031224, -0.069540, 0.232360, -0.154200, 
-0.119092, -0.067776, -0.000640, -0.505640, 0.088760, 0.022560, 
0.133200, 0.053500, 0.020756, -0.104940, -0.041320, -0.111400, 
-0.029304, -0.054532, 0.007652, 0.226439, 0.002780, -0.022400, 
0.314543, 0.160444, -0.039736, 0.023080, 0.084299, 0.003400, 
-0.026184, 0.117908, -0.005204, 0.692541, 0.085260, -0.119920, 
0.120952, 0.060624, 0.062520, 0.424359, 0.013800, 0.071660, 
0.146756, -0.098604, 0.063400, 0.222220, 0.136940, 0.081580, 
-0.191311, -0.156460, -0.017664, -0.138700, -0.287801, -0.041120, 
0.006312, 0.049376, 0.115556, 0.171160, 0.149960, -0.009020, 
-0.179356, 0.068296, 0.064904, 0.373100, -0.122820, -0.001040, 
-0.055424, 0.063816, -0.025388, -0.318100, -0.049180, -0.024100, 
0.084576, -0.044336, -0.092440, -0.248980, -0.154480, -0.119020, 
-0.019256, -0.065956, -0.018040, -0.067580, -0.073120, -0.091280, 
-0.063364, -0.093408, -0.029964, -0.018240, 0.082280, -0.150980, 
0.013712, -0.182308, 0.003448, 0.183140, -0.118200, -0.028800, 
-0.003956, -0.052824, 0.168648, 0.012360, 0.054580, -0.159800, 
-0.130356, 0.057300, 0.030844, 0.146540, 0.224740, -0.164380, 
-0.097700, 0.021000, -0.030608, 0.151940, -0.022680, -0.076800, 
0.074464, -0.108996, 0.040928, -0.087500, 0.079480, 0.056700, 
0.068240, 0.116740, 0.063628, -0.079680, -0.132940, -0.132760, 
-0.139928, 0.067196, -0.013892, -0.221820, -0.123220, 0.066920, 
-0.047520, -0.161336, 0.107592, 0.047720, 0.039560, 0.023920, 
-0.129784, -0.040180, 0.101812, -0.368940, -0.124740, -0.189220, 
0.024024, 0.015792, 0.013628, 0.547539, 0.076180, -0.049980, 
-0.015772, -0.118136, -0.004324, -0.057940, -0.092440, 0.062300, 
0.029972, -0.029608, 0.049684, 0.464879, -0.211900, -0.251500, 
0.008480, 0.074796, -0.014648, -0.148100, -0.176941, -0.104820, 
-0.112168, -0.037656, -0.003328, -0.115201, 0.139960, 0.019360, 
-0.052760, -0.011788, -0.011992, -0.077040, -0.192460, -0.140820, 
-0.053308, 0.026320, 0.061332, 0.044780, -0.377040, -0.162660, 
0.208356, -0.069124, 0.035972, -0.003100, -0.118260, 0.023660, 
0.023296, -0.071024, 0.009740, -0.395520, 0.383540, 0.007660, 
-0.007500, 0.021476, -0.072028, -0.417379, 0.093820, 0.093380, 
0.046668, -0.100796, -0.000716, -0.133580, -0.103060, -0.079620, 
-0.085348, -0.000020, -0.078348, -0.404640, 0.001780, -0.149800, 
-0.021852, 0.087844, -0.028712, -0.125200, -0.408540, 0.036960, 
-0.139440, 0.016392, -0.012176, 0.290141, -0.216600, 0.059180, 
-0.111528, -0.102040, -0.013924, -0.062380, -0.237880, 0.019200, 
0.035468, -0.028792, 0.060864, -0.631637, -0.068140, 0.079060, 
0.022024, 0.087088, -0.034632, 0.036460, 0.243919, -0.062180, 
0.184152, -0.153416, 0.013500, -0.072980, -0.243300, -0.072760, 
0.048400, 0.009548, -0.012532, -0.026340, -0.048440, -0.114660, 
0.048296, -0.041336, -0.091940, -0.505820, -0.294180, -0.122680, 
-0.016696, -0.158732, -0.079828, 0.034940, 0.091300, -0.022560, 
-0.023608, -0.022104, 0.033376, 0.143201, -0.014920, 0.030220, 
0.084768, -0.128708, 0.003496, -0.623882, 0.396539, 0.112000, 
-0.015440, -0.079376, -0.011240, -0.448302, 0.174820, -0.079600, 
0.071716, -0.148384, -0.082348, -0.325761, 0.249280, -0.013640, 
-0.051368, -0.069236, 0.036028, 0.104160, -0.299580, 0.043800, 
-0.022408, -0.061528, 0.039424, 0.349241, 0.027080, -0.068320, 
-0.069752, 0.063928, -0.021356, -0.241660, -0.131020, -0.033400, 
-0.030544, -0.086516, -0.021684, -0.448820, 0.328060, -0.029140, 
-0.094352, 0.006124, 0.043196, -0.616321, -0.168720, -0.008560, 
0.036592, -0.075036, 0.073692, 0.034500, 0.209620, 0.094600, 
-0.183072, 0.040740, 0.018076, 0.517902, -0.222519, 0.011420, 
-0.035128, 0.092604, -0.014312, 0.460760, 0.068900, 0.183240, 
0.110016, 0.004888, 0.059128, -0.001800, 0.117220, 0.043520, 
0.003532, -0.186232, 0.049620, 0.265680, 0.182619, -0.050880, 
-0.056432, 0.012108, -0.059648, 0.009560, 0.077640, 0.032200, 
-0.085288, -0.014328, -0.022684, -0.089760, 0.305880, -0.040360, 
-0.025920, 0.047080, 0.084808, 0.653760, -0.132340, -0.205100, 
